UserID,Name,Email,PhoneNumber,Password
1,Dara Serey,dara.serey@yahoo.com,85598765432,AbC@5678
2,Channary Meas,channary.meas@hotmail.com,85587654321,QwE@9101
3,Vuthy Chan,vuthy.chan@outlook.com,85576543210,ZxC@1122
4,Rathana Keo,rathana.keo@gmail.com,85565432109,PoI@3344
5,Sophea Lim,sophea.lim@yahoo.com,85594321678,LmN@5566
6,Borey Heng,borey.heng@hotmail.com,85583210987,YuT@7788
7,Chanthy Phan,chanthy.phan@outlook.com,85572109876,ErD@9900
8,Monika Sam,monika.sam@gmail.com,85561098765,TgH@2233
9,Sarath Dy,sarath.dy@yahoo.com,85550987654,UjK@4455
10,Veasna Roeun,veasna.roeun@hotmail.com,85549876543,OpL@6677
11,Nary Sem,nary.sem@outlook.com,85538765432,IwX@8899
12,Visal Yim,visal.yim@gmail.com,85527654321,QsA@1122
13,Somaly Koeung,somaly.koeung@yahoo.com,85516543210,DeF@3344
14,Rithy Kouch,rithy.kouch@hotmail.com,85505432109,GhJ@5566
15,Lina Chhim,lina.chhim@outlook.com,85594321098,KlM@7788
16,Sokha Yorn,sokha.yorn@gmail.com,85583210987,ZxN@9900
17,Vicheka Long,vicheka.long@yahoo.com,85572109876,PoQ@2233
18,Chanra Tep,chanra.tep@hotmail.com,85561098765,AsW@4455
19,Mary Sien,mary.sien@outlook.com,85550987654,DfG@6677
20,Theara Nam,theara.nam@gmail.com,85549876543,HjK@8899
